-- phpMyAdmin SQL Dump
-- version 5.1.0
-- https://www.phpmyadmin.net/
--
-- Host: 127.0.0.1
-- Generation Time: Jun 18, 2021 at 11:24 AM
-- Server version: 10.4.19-MariaDB
-- PHP Version: 8.0.6

SET SQL_MODE = "NO_AUTO_VALUE_ON_ZERO";
START TRANSACTION;
SET time_zone = "+00:00";


/*!40101 SET @OLD_CHARACTER_SET_CLIENT=@@CHARACTER_SET_CLIENT */;
/*!40101 SET @OLD_CHARACTER_SET_RESULTS=@@CHARACTER_SET_RESULTS */;
/*!40101 SET @OLD_COLLATION_CONNECTION=@@COLLATION_CONNECTION */;
/*!40101 SET NAMES utf8mb4 */;

--
-- Database: `timado1p_numeracion`
--

-- --------------------------------------------------------

--
-- Table structure for table `entrega`
--

CREATE TABLE `entrega` (
  `id` int(11) NOT NULL,
  `entrega` varchar(50) NOT NULL,
  `fecha_valor` timestamp NOT NULL DEFAULT current_timestamp(),
  `activo` tinyint(1) NOT NULL DEFAULT 1
) ENGINE=InnoDB DEFAULT CHARSET=utf8mb4;

--
-- Dumping data for table `entrega`
--

INSERT INTO `entrega` (`id`, `entrega`, `fecha_valor`, `activo`) VALUES
(1, 'Entrega1', '2021-05-17 12:42:20', 1),
(3, 'Entrega2', '2021-05-17 12:42:20', 1),
(4, 'Entrega3', '2021-05-17 12:42:20', 1),
(13, 'entrega4', '2021-05-19 10:16:53', 1),
(14, 'entrega44', '2021-06-02 21:56:25', 1),
(15, 'Entrega11', '2021-06-07 14:24:11', 0),
(16, 'Entrega119', '2021-06-08 10:51:15', 1);

-- --------------------------------------------------------

--
-- Table structure for table `estado`
--

CREATE TABLE `estado` (
  `id` int(11) NOT NULL,
  `estado` varchar(50) NOT NULL,
  `fecha_valor` datetime NOT NULL DEFAULT current_timestamp(),
  `activo` tinyint(1) NOT NULL DEFAULT 1
) ENGINE=InnoDB DEFAULT CHARSET=utf8mb4;

--
-- Dumping data for table `estado`
--

INSERT INTO `estado` (`id`, `estado`, `fecha_valor`, `activo`) VALUES
(1, 'Activado', '2021-05-17 16:42:20', 1),
(2, 'Baja', '2021-05-17 16:42:20', 1),
(3, 'Desactivado', '2021-05-17 16:42:20', 1),
(4, 'Libre', '2021-05-17 16:42:20', 1),
(5, 'Reservado', '2021-05-17 16:42:20', 1),
(22, 'otro', '2021-05-19 13:22:12', 1);

-- --------------------------------------------------------

--
-- Table structure for table `motivo_baja`
--

CREATE TABLE `motivo_baja` (
  `id` int(11) NOT NULL,
  `motivo_baja` varchar(50) NOT NULL,
  `fecha_valor` datetime NOT NULL DEFAULT current_timestamp(),
  `activo` tinyint(1) NOT NULL DEFAULT 1
) ENGINE=InnoDB DEFAULT CHARSET=utf8mb4;

--
-- Dumping data for table `motivo_baja`
--

INSERT INTO `motivo_baja` (`id`, `motivo_baja`, `fecha_valor`, `activo`) VALUES
(1, 'Baja de la linea', '2021-05-17 16:42:20', 1),
(2, 'Portabilidad inversa', '2021-05-17 16:42:20', 1),
(3, 'Cancelacion de la linea', '2021-05-17 16:42:20', 1);

-- --------------------------------------------------------

--
-- Table structure for table `numeracion`
--

CREATE TABLE `numeracion` (
  `id` int(11) NOT NULL,
  `numero` varchar(50) NOT NULL,
  `id_tipo` int(11) NOT NULL,
  `id_operador` int(11) NOT NULL,
  `id_estado` int(11) NOT NULL,
  `id_tipo_numero` int(11) NOT NULL,
  `id_servidor` int(11) NOT NULL,
  `id_entrega` int(11) NOT NULL,
  `fecha_alta` datetime NOT NULL DEFAULT current_timestamp(),
  `fecha_ultimo_cambio` datetime NOT NULL DEFAULT current_timestamp(),
  `cliente_actual` varchar(100) NOT NULL,
  `numeros_desvios` varchar(200) DEFAULT NULL,
  `observaciones` varchar(5000) DEFAULT NULL
) ENGINE=InnoDB DEFAULT CHARSET=utf8mb4;

--
-- Dumping data for table `numeracion`
--

INSERT INTO `numeracion` (`id`, `numero`, `id_tipo`, `id_operador`, `id_estado`, `id_tipo_numero`, `id_servidor`, `id_entrega`, `fecha_alta`, `fecha_ultimo_cambio`, `cliente_actual`, `numeros_desvios`, `observaciones`) VALUES
(3, '100000003', 208, 3, 4, 2, 12, 4, '2021-06-07 10:35:30', '2021-06-17 22:34:22', 'Jaime3', '444', 'obser3'),
(4, '100000004', 2, 3, 4, 2, 12, 4, '2021-06-07 10:35:30', '2021-06-17 22:34:22', 'Jaime4', '333', 'obser3'),
(5, '100000005', 2, 3, 1, 2, 12, 16, '2021-06-07 10:35:30', '2021-06-17 22:34:22', 'Jaime5', '123460', 'observ5'),
(6, '100000006', 2, 3, 1, 11, 12, 16, '2021-06-07 10:35:30', '2021-06-17 22:34:22', 'Jaime6', '123461', 'observ6'),
(7, '100000007', 2, 3, 1, 11, 12, 16, '2021-06-07 10:35:30', '2021-06-17 22:34:22', 'Jaime7', '123462', 'observ7'),
(8, '100000008', 2, 3, 1, 11, 12, 16, '2021-06-07 10:35:30', '2021-06-17 22:34:22', 'Jaime8', '123463', 'observ8'),
(9, '100000009', 2, 3, 1, 11, 12, 16, '2021-06-07 10:35:30', '2021-06-17 22:34:22', 'Jaime9', '123464', 'observ9'),
(10, '100000010', 2, 3, 1, 11, 12, 16, '2021-06-07 10:35:30', '2021-06-17 22:34:22', 'Jaime10', '123465', 'observ10'),
(11, '100000011', 2, 3, 1, 11, 12, 16, '2021-06-07 10:35:30', '2021-06-17 22:34:22', 'Jaime11', '123466', 'observ11'),
(12, '100000012', 2, 3, 1, 11, 12, 16, '2021-06-07 10:35:30', '2021-06-17 22:34:22', 'Jaime12', '123467', 'observ12'),
(13, '100000013', 2, 3, 1, 11, 12, 16, '2021-06-07 10:35:30', '2021-06-17 22:34:22', 'Jaime13', '123468', 'observ13'),
(14, '100000014', 2, 3, 1, 11, 12, 16, '2021-06-07 10:35:30', '2021-06-17 22:34:22', 'Jaime14', '123469', 'observ14'),
(15, '100000015', 2, 3, 1, 11, 12, 16, '2021-06-07 10:35:30', '2021-06-17 22:34:22', 'Jaime15', '123470', 'observ15'),
(16, '100000016', 2, 3, 1, 11, 12, 16, '2021-06-07 10:35:30', '2021-06-17 22:34:22', 'Jaime16', '123471', 'observ16'),
(17, '100000017', 2, 3, 1, 11, 12, 16, '2021-06-07 10:35:30', '2021-06-17 22:34:22', 'Jaime17', '123472', 'observ17'),
(18, '100000018', 2, 3, 1, 11, 12, 16, '2021-06-07 10:35:30', '2021-06-17 22:34:22', 'Jaime18', '123473', 'observ18'),
(19, '100000019', 2, 3, 1, 11, 12, 16, '2021-06-07 10:35:30', '2021-06-17 22:34:22', 'Jaime19', '123474', 'observ19'),
(20, '100000020', 2, 3, 1, 11, 12, 16, '2021-06-07 10:35:30', '2021-06-17 22:34:22', 'Jaime20', '123475', 'observ20'),
(21, '100000021', 2, 3, 1, 11, 12, 16, '2021-06-07 10:35:30', '2021-06-17 22:34:22', 'Jaime21', '123476', 'observ21'),
(22, '100000022', 2, 3, 1, 11, 12, 16, '2021-06-07 10:35:30', '2021-06-17 22:34:22', 'Jaime22', '123477', 'observ22'),
(23, '100000023', 2, 3, 1, 11, 12, 16, '2021-06-07 10:35:30', '2021-06-17 22:34:22', 'Jaime23', '123478', 'observ23'),
(24, '100000024', 2, 3, 1, 11, 12, 16, '2021-06-07 10:35:30', '2021-06-17 22:34:22', 'Jaime24', '123479', 'observ24'),
(25, '100000025', 2, 3, 1, 11, 12, 16, '2021-06-07 10:35:30', '2021-06-17 22:34:22', 'Jaime25', '123480', 'observ25'),
(26, '100000026', 2, 3, 1, 11, 12, 16, '2021-06-07 10:35:30', '2021-06-17 22:34:22', 'Jaime26', '123481', 'observ26'),
(27, '100000027', 2, 8, 1, 11, 43, 16, '2021-06-07 10:35:30', '2021-06-17 19:38:06', 'Jaime27', '123482', 'observ27'),
(28, '100000028', 2, 8, 1, 11, 43, 16, '2021-06-07 10:35:30', '2021-06-17 19:38:06', 'Jaime28', '123483', 'observ28'),
(29, '100000029', 2, 8, 1, 11, 43, 16, '2021-06-07 10:35:30', '2021-06-17 19:38:06', 'Jaime29', '123484', 'observ29'),
(30, '100000030', 2, 8, 1, 11, 43, 16, '2021-06-07 10:35:30', '2021-06-17 19:38:06', 'Jaime30', '123485', 'observ30'),
(31, '100000031', 2, 8, 1, 11, 43, 16, '2021-06-07 10:35:30', '2021-06-17 19:38:06', 'Jaime31', '123486', 'observ31'),
(32, '100000032', 2, 8, 1, 11, 43, 16, '2021-06-07 10:35:30', '2021-06-17 19:38:06', 'Jaime32', '123487', 'observ32'),
(33, '100000033', 2, 8, 1, 11, 43, 16, '2021-06-07 10:35:30', '2021-06-17 19:38:06', 'Jaime33', '123488', 'observ33'),
(34, '100000034', 2, 8, 1, 11, 43, 16, '2021-06-07 10:35:30', '2021-06-17 19:38:06', 'Jaime34', '123489', 'observ34'),
(35, '100000035', 2, 8, 1, 11, 43, 16, '2021-06-07 10:35:30', '2021-06-17 19:38:06', 'Jaime35', '123490', 'observ35'),
(36, '100000036', 2, 8, 1, 11, 43, 16, '2021-06-07 10:35:30', '2021-06-17 19:38:06', 'Jaime36', '123491', 'observ36'),
(37, '100000037', 2, 8, 1, 11, 43, 16, '2021-06-07 10:35:30', '2021-06-17 19:38:06', 'Jaime37', '123492', 'observ37'),
(38, '100000038', 2, 8, 1, 11, 43, 16, '2021-06-07 10:35:30', '2021-06-17 19:38:06', 'Jaime38', '123493', 'observ38'),
(39, '100000039', 2, 8, 1, 11, 43, 16, '2021-06-07 10:35:30', '2021-06-17 19:38:06', 'Jaime39', '123494', 'observ39'),
(40, '100000040', 2, 8, 1, 11, 43, 16, '2021-06-07 10:35:30', '2021-06-17 19:38:06', 'Jaime40', '123495', 'observ40'),
(41, '100000041', 2, 8, 1, 11, 43, 16, '2021-06-07 10:35:30', '2021-06-17 19:38:06', 'Jaime41', '123496', 'observ41'),
(42, '100000042', 2, 8, 1, 11, 43, 16, '2021-06-07 10:35:30', '2021-06-17 19:38:06', 'Jaime42', '123497', 'observ42'),
(43, '100000043', 2, 8, 1, 11, 43, 16, '2021-06-07 10:35:30', '2021-06-17 19:38:06', 'Jaime43', '123498', 'observ43'),
(44, '100000044', 2, 8, 1, 11, 43, 16, '2021-06-07 10:35:30', '2021-06-17 19:38:06', 'Jaime44', '123499', 'observ44'),
(45, '100000045', 2, 8, 1, 11, 43, 16, '2021-06-07 10:35:30', '2021-06-17 19:38:06', 'Jaime45', '123500', 'observ45'),
(46, '100000046', 2, 8, 1, 11, 43, 16, '2021-06-07 10:35:30', '2021-06-17 19:38:06', 'Jaime46', '123501', 'observ46'),
(47, '100000047', 2, 8, 1, 11, 43, 16, '2021-06-07 10:35:30', '2021-06-17 19:38:06', 'Jaime47', '123502', 'observ47'),
(48, '100000048', 2, 8, 1, 11, 43, 16, '2021-06-07 10:35:30', '2021-06-17 19:38:06', 'Jaime48', '123503', 'observ48'),
(49, '100000049', 2, 8, 1, 11, 43, 16, '2021-06-07 10:35:30', '2021-06-17 19:38:06', 'Jaime49', '123504', 'observ49'),
(50, '100000050', 2, 8, 1, 11, 43, 16, '2021-06-07 10:35:30', '2021-06-17 19:38:06', 'Jaime50', '123505', 'observ50'),
(51, '100000051', 2, 8, 1, 11, 43, 16, '2021-06-07 10:35:30', '2021-06-17 19:38:06', 'Jaime51', '123506', 'observ51'),
(52, '100000052', 2, 8, 1, 11, 43, 16, '2021-06-07 10:35:30', '2021-06-17 19:38:06', 'Jaime52', '123507', 'observ52'),
(53, '100000053', 2, 8, 1, 11, 43, 16, '2021-06-07 10:35:30', '2021-06-17 19:38:06', 'Jaime53', '123508', 'observ53'),
(54, '100000054', 2, 8, 1, 11, 43, 16, '2021-06-07 10:35:30', '2021-06-17 19:38:06', 'Jaime54', '123509', 'observ54'),
(55, '100000055', 2, 8, 1, 11, 43, 16, '2021-06-07 10:35:30', '2021-06-17 19:38:06', 'Jaime55', '123510', 'observ55'),
(56, '100000056', 2, 8, 1, 11, 43, 16, '2021-06-07 10:35:30', '2021-06-17 19:38:06', 'Jaime56', '123511', 'observ56'),
(57, '100000057', 2, 8, 1, 11, 43, 16, '2021-06-07 10:35:30', '2021-06-17 19:38:06', 'Jaime57', '123512', 'observ57'),
(58, '100000058', 2, 8, 1, 11, 43, 16, '2021-06-07 10:35:30', '2021-06-17 19:38:06', 'Jaime58', '123513', 'observ58'),
(59, '100000059', 2, 8, 1, 11, 43, 16, '2021-06-07 10:35:30', '2021-06-17 19:38:06', 'Jaime59', '123514', 'observ59'),
(60, '100000060', 2, 8, 1, 11, 43, 16, '2021-06-07 10:35:30', '2021-06-17 19:38:06', 'Jaime60', '123515', 'observ60'),
(61, '100000061', 2, 8, 1, 11, 43, 16, '2021-06-07 10:35:30', '2021-06-17 19:38:06', 'Jaime61', '123516', 'observ61'),
(62, '100000062', 2, 8, 1, 11, 43, 16, '2021-06-07 10:35:30', '2021-06-17 19:38:06', 'Jaime62', '123517', 'observ62'),
(63, '100000063', 2, 8, 1, 11, 43, 16, '2021-06-07 10:35:30', '2021-06-17 19:38:06', 'Jaime63', '123518', 'observ63'),
(64, '100000064', 2, 8, 1, 11, 43, 16, '2021-06-07 10:35:30', '2021-06-17 19:38:06', 'Jaime64', '123519', 'observ64'),
(65, '100000065', 2, 8, 1, 11, 43, 16, '2021-06-07 10:35:30', '2021-06-17 19:38:06', 'Jaime65', '123520', 'observ65'),
(66, '100000066', 2, 8, 1, 11, 43, 16, '2021-06-07 10:35:30', '2021-06-17 19:38:06', 'Jaime66', '123521', 'observ66'),
(67, '100000067', 2, 8, 1, 11, 43, 16, '2021-06-07 10:35:30', '2021-06-17 19:38:06', 'Jaime67', '123522', 'observ67'),
(68, '100000068', 2, 8, 1, 11, 43, 16, '2021-06-07 10:35:30', '2021-06-17 19:38:06', 'Jaime68', '123523', 'observ68'),
(69, '100000069', 2, 8, 1, 11, 43, 16, '2021-06-07 10:35:30', '2021-06-17 19:38:06', 'Jaime69', '123524', 'observ69'),
(70, '100000070', 2, 8, 1, 11, 43, 16, '2021-06-07 10:35:30', '2021-06-17 19:38:06', 'Jaime70', '123525', 'observ70'),
(71, '100000071', 2, 8, 1, 11, 43, 16, '2021-06-07 10:35:30', '2021-06-17 19:38:06', 'Jaime71', '123526', 'observ71'),
(72, '100000072', 2, 8, 1, 11, 43, 16, '2021-06-07 10:35:30', '2021-06-17 19:38:06', 'Jaime72', '123527', 'observ72'),
(73, '100000073', 2, 8, 1, 11, 43, 16, '2021-06-07 10:35:30', '2021-06-17 19:38:06', 'Jaime73', '123528', 'observ73'),
(74, '100000074', 2, 8, 1, 11, 43, 16, '2021-06-07 10:35:30', '2021-06-17 19:38:06', 'Jaime74', '123529', 'observ74'),
(75, '100000075', 2, 8, 1, 11, 43, 16, '2021-06-07 10:35:30', '2021-06-17 19:38:06', 'Jaime75', '123530', 'observ75'),
(76, '100000076', 2, 8, 1, 11, 43, 16, '2021-06-07 10:35:30', '2021-06-17 19:38:06', 'Jaime76', '123531', 'observ76'),
(77, '100000077', 2, 8, 1, 11, 43, 16, '2021-06-07 10:35:30', '2021-06-17 19:38:06', 'Jaime77', '123532', 'observ77'),
(78, '100000078', 2, 8, 1, 11, 43, 16, '2021-06-07 10:35:30', '2021-06-17 19:38:06', 'Jaime78', '123533', 'observ78'),
(79, '100000079', 2, 8, 1, 11, 43, 16, '2021-06-07 10:35:30', '2021-06-17 19:38:06', 'Jaime79', '123534', 'observ79'),
(80, '100000080', 2, 8, 1, 11, 43, 16, '2021-06-07 10:35:30', '2021-06-17 19:38:06', 'Jaime80', '123535', 'observ80'),
(81, '100000081', 2, 8, 1, 11, 43, 16, '2021-06-07 10:35:30', '2021-06-17 19:38:06', 'Jaime81', '123536', 'observ81'),
(82, '100000082', 2, 8, 1, 11, 43, 16, '2021-06-07 10:35:30', '2021-06-17 19:38:06', 'Jaime82', '123537', 'observ82'),
(83, '100000083', 2, 8, 1, 11, 43, 16, '2021-06-07 10:35:30', '2021-06-17 19:38:06', 'Jaime83', '123538', 'observ83'),
(84, '100000084', 2, 8, 1, 11, 43, 16, '2021-06-07 10:35:30', '2021-06-17 19:38:06', 'Jaime84', '123539', 'observ84'),
(85, '100000085', 2, 8, 1, 11, 43, 16, '2021-06-07 10:35:30', '2021-06-17 19:38:06', 'Jaime85', '123540', 'observ85'),
(86, '100000086', 2, 8, 1, 11, 43, 16, '2021-06-07 10:35:30', '2021-06-17 19:38:06', 'Jaime86', '123541', 'observ86'),
(87, '100000087', 2, 8, 1, 11, 43, 16, '2021-06-07 10:35:30', '2021-06-17 19:38:06', 'Jaime87', '123542', 'observ87'),
(88, '100000088', 2, 8, 1, 11, 43, 16, '2021-06-07 10:35:30', '2021-06-17 19:38:06', 'Jaime88', '123543', 'observ88'),
(89, '100000089', 2, 8, 1, 11, 43, 16, '2021-06-07 10:35:30', '2021-06-17 19:38:06', 'Jaime89', '123544', 'observ89'),
(90, '100000090', 2, 8, 1, 11, 43, 16, '2021-06-07 10:35:30', '2021-06-17 19:38:06', 'Jaime90', '123545', 'observ90'),
(91, '100000091', 2, 8, 1, 11, 43, 16, '2021-06-07 10:35:30', '2021-06-17 19:38:06', 'Jaime91', '123546', 'observ91'),
(92, '100000092', 2, 8, 1, 11, 43, 16, '2021-06-07 10:35:30', '2021-06-17 19:38:06', 'Jaime92', '123547', 'observ92'),
(93, '100000093', 2, 8, 1, 11, 43, 16, '2021-06-07 10:35:30', '2021-06-17 19:38:06', 'Jaime93', '123548', 'observ93'),
(94, '100000094', 2, 8, 1, 11, 43, 16, '2021-06-07 10:35:30', '2021-06-17 19:38:06', 'Jaime94', '123549', 'observ94'),
(95, '100000095', 2, 8, 1, 11, 43, 16, '2021-06-07 10:35:30', '2021-06-17 19:38:06', 'Jaime95', '123550', 'observ95'),
(96, '100000096', 2, 8, 1, 11, 43, 16, '2021-06-07 10:35:30', '2021-06-17 19:38:06', 'Jaime96', '123551', 'observ96'),
(97, '100000097', 2, 8, 1, 11, 43, 16, '2021-06-07 10:35:30', '2021-06-17 19:38:06', 'Jaime97', '123552', 'observ97'),
(98, '100000098', 2, 8, 1, 11, 43, 16, '2021-06-07 10:35:30', '2021-06-17 19:38:06', 'Jaime98', '123553', 'observ98'),
(99, '100000099', 2, 8, 1, 11, 43, 16, '2021-06-07 10:35:30', '2021-06-17 19:38:06', 'Jaime99', '123554', 'observ99'),
(100, '100000100', 2, 8, 1, 11, 43, 16, '2021-06-07 10:35:30', '2021-06-17 19:38:06', 'Jaime100', '123555', 'observ100'),
(106, '1100000001', 2, 8, 5, 1, 12, 1, '2021-06-09 10:14:05', '2021-06-17 19:38:06', 'juigen', '34324', 'ob11'),
(110, '111000000', 2, 8, 5, 1, 12, 1, '2021-06-09 10:24:48', '2021-06-17 19:38:06', 'Maria', '423', 'obs111'),
(116, '2', 2, 8, 5, 1, 12, 1, '0000-00-00 00:00:00', '2021-06-17 19:38:06', '', '', ''),
(124, '100000001', 2, 3, 4, 11, 12, 4, '1970-01-01 01:01:00', '2021-06-17 22:34:22', 'Jaime1', '444', 'obser3');

-- --------------------------------------------------------

--
-- Table structure for table `numeracion_historial`
--

CREATE TABLE `numeracion_historial` (
  `id` int(11) NOT NULL,
  `numero` varchar(50) NOT NULL,
  `id_tipo` int(11) NOT NULL,
  `id_operador` int(11) NOT NULL,
  `id_estado` int(11) NOT NULL,
  `id_tipo_numero` int(11) NOT NULL,
  `id_servidor` int(11) NOT NULL,
  `id_entrega` int(11) NOT NULL,
  `fecha_alta` datetime NOT NULL DEFAULT current_timestamp(),
  `fecha_ultimo_cambio` datetime NOT NULL DEFAULT current_timestamp(),
  `cliente_actual` varchar(100) NOT NULL,
  `numeros_desvios` varchar(200) DEFAULT NULL,
  `observaciones` varchar(5000) DEFAULT NULL,
  `id_motivo_baja` int(11) DEFAULT NULL,
  `reactivar` tinyint(1) NOT NULL DEFAULT 0
) ENGINE=InnoDB DEFAULT CHARSET=utf8mb4;

--
-- Dumping data for table `numeracion_historial`
--

INSERT INTO `numeracion_historial` (`id`, `numero`, `id_tipo`, `id_operador`, `id_estado`, `id_tipo_numero`, `id_servidor`, `id_entrega`, `fecha_alta`, `fecha_ultimo_cambio`, `cliente_actual`, `numeros_desvios`, `observaciones`, `id_motivo_baja`, `reactivar`) VALUES
(1, '100000004', 210, 6, 4, 2, 12, 4, '2021-06-07 10:35:30', '2021-06-17 19:37:38', '2021-06-16 19:54:32', 'Jaime4', '333', NULL, 0),
(2, '100000005', 210, 8, 1, 2, 43, 16, '2021-06-07 10:35:30', '2021-06-17 19:37:38', '2021-06-16 11:01:15', 'Jaime5', '123460', NULL, 0),
(3, '100000006', 210, 8, 1, 11, 43, 16, '2021-06-07 10:35:30', '2021-06-17 19:37:38', '2021-06-16 11:01:15', 'Jaime6', '123461', NULL, 0),
(4, '100000007', 210, 8, 1, 11, 43, 16, '2021-06-07 10:35:30', '2021-06-17 19:37:38', '2021-06-16 11:01:15', 'Jaime7', '123462', NULL, 0),
(5, '100000008', 210, 8, 1, 11, 43, 16, '2021-06-07 10:35:30', '2021-06-17 19:37:38', '2021-06-16 11:01:15', 'Jaime8', '123463', NULL, 0),
(6, '100000009', 210, 8, 1, 11, 43, 16, '2021-06-07 10:35:30', '2021-06-17 19:37:38', '2021-06-16 11:01:15', 'Jaime9', '123464', NULL, 0),
(7, '100000010', 210, 8, 1, 11, 43, 16, '2021-06-07 10:35:30', '2021-06-17 19:37:38', '2021-06-16 11:01:15', 'Jaime10', '123465', NULL, 0),
(8, '100000011', 210, 8, 1, 11, 43, 16, '2021-06-07 10:35:30', '2021-06-17 19:37:38', '2021-06-16 11:01:15', 'Jaime11', '123466', NULL, 0),
(9, '100000012', 210, 8, 1, 11, 43, 16, '2021-06-07 10:35:30', '2021-06-17 19:37:38', '2021-06-16 11:01:15', 'Jaime12', '123467', NULL, 0),
(10, '100000013', 210, 8, 1, 11, 43, 16, '2021-06-07 10:35:30', '2021-06-17 19:37:38', '2021-06-16 11:01:15', 'Jaime13', '123468', NULL, 0),
(11, '100000014', 210, 8, 1, 11, 43, 16, '2021-06-07 10:35:30', '2021-06-17 19:37:38', '2021-06-16 11:01:15', 'Jaime14', '123469', NULL, 0),
(12, '100000015', 210, 8, 1, 11, 43, 16, '2021-06-07 10:35:30', '2021-06-17 19:37:38', '2021-06-16 11:01:15', 'Jaime15', '123470', NULL, 0),
(13, '100000016', 210, 8, 1, 11, 43, 16, '2021-06-07 10:35:30', '2021-06-17 19:37:38', '2021-06-16 11:01:15', 'Jaime16', '123471', NULL, 0),
(14, '100000017', 210, 8, 1, 11, 43, 16, '2021-06-07 10:35:30', '2021-06-17 19:37:38', '2021-06-16 11:01:15', 'Jaime17', '123472', NULL, 0),
(15, '100000018', 210, 8, 1, 11, 43, 16, '2021-06-07 10:35:30', '2021-06-17 19:37:38', '2021-06-16 11:01:15', 'Jaime18', '123473', NULL, 0),
(16, '100000019', 210, 8, 1, 11, 43, 16, '2021-06-07 10:35:30', '2021-06-17 19:37:38', '2021-06-16 11:01:15', 'Jaime19', '123474', NULL, 0),
(17, '100000020', 210, 8, 1, 11, 43, 16, '2021-06-07 10:35:30', '2021-06-17 19:37:38', '2021-06-16 11:01:15', 'Jaime20', '123475', NULL, 0),
(18, '100000021', 210, 8, 1, 11, 43, 16, '2021-06-07 10:35:30', '2021-06-17 19:37:38', '2021-06-16 11:01:15', 'Jaime21', '123476', NULL, 0),
(19, '100000022', 210, 8, 1, 11, 43, 16, '2021-06-07 10:35:30', '2021-06-17 19:37:38', '2021-06-16 11:01:15', 'Jaime22', '123477', NULL, 0),
(20, '100000023', 210, 8, 1, 11, 43, 16, '2021-06-07 10:35:30', '2021-06-17 19:37:38', '2021-06-16 11:01:15', 'Jaime23', '123478', NULL, 0),
(21, '100000024', 210, 8, 1, 11, 43, 16, '2021-06-07 10:35:30', '2021-06-17 19:37:38', '2021-06-16 11:01:15', 'Jaime24', '123479', NULL, 0),
(22, '100000025', 210, 8, 1, 11, 43, 16, '2021-06-07 10:35:30', '2021-06-17 19:37:38', '2021-06-16 11:01:15', 'Jaime25', '123480', NULL, 0),
(23, '100000026', 210, 8, 1, 11, 43, 16, '2021-06-07 10:35:30', '2021-06-17 19:37:38', '2021-06-16 11:01:15', 'Jaime26', '123481', NULL, 0),
(24, '100000027', 210, 8, 1, 11, 43, 16, '2021-06-07 10:35:30', '2021-06-17 19:37:38', '2021-06-16 11:01:15', 'Jaime27', '123482', NULL, 0),
(25, '100000028', 210, 8, 1, 11, 43, 16, '2021-06-07 10:35:30', '2021-06-17 19:37:38', '2021-06-16 11:01:15', 'Jaime28', '123483', NULL, 0),
(26, '100000029', 210, 8, 1, 11, 43, 16, '2021-06-07 10:35:30', '2021-06-17 19:37:38', '2021-06-16 11:01:15', 'Jaime29', '123484', NULL, 0),
(27, '100000030', 210, 8, 1, 11, 43, 16, '2021-06-07 10:35:30', '2021-06-17 19:37:38', '2021-06-16 11:01:15', 'Jaime30', '123485', NULL, 0),
(28, '100000031', 210, 8, 1, 11, 43, 16, '2021-06-07 10:35:30', '2021-06-17 19:37:38', '2021-06-16 11:01:15', 'Jaime31', '123486', NULL, 0),
(29, '100000032', 210, 8, 1, 11, 43, 16, '2021-06-07 10:35:30', '2021-06-17 19:37:38', '2021-06-16 11:01:15', 'Jaime32', '123487', NULL, 0),
(30, '100000033', 210, 8, 1, 11, 43, 16, '2021-06-07 10:35:30', '2021-06-17 19:37:38', '2021-06-16 11:01:15', 'Jaime33', '123488', NULL, 0),
(31, '100000034', 210, 8, 1, 11, 43, 16, '2021-06-07 10:35:30', '2021-06-17 19:37:38', '2021-06-16 11:01:15', 'Jaime34', '123489', NULL, 0),
(32, '100000035', 210, 8, 1, 11, 43, 16, '2021-06-07 10:35:30', '2021-06-17 19:37:38', '2021-06-16 11:01:15', 'Jaime35', '123490', NULL, 0),
(33, '100000036', 210, 8, 1, 11, 43, 16, '2021-06-07 10:35:30', '2021-06-17 19:37:38', '2021-06-16 11:01:15', 'Jaime36', '123491', NULL, 0),
(34, '100000037', 210, 8, 1, 11, 43, 16, '2021-06-07 10:35:30', '2021-06-17 19:37:38', '2021-06-16 11:01:15', 'Jaime37', '123492', NULL, 0),
(35, '100000038', 210, 8, 1, 11, 43, 16, '2021-06-07 10:35:30', '2021-06-17 19:37:38', '2021-06-16 11:01:15', 'Jaime38', '123493', NULL, 0),
(36, '100000039', 210, 8, 1, 11, 43, 16, '2021-06-07 10:35:30', '2021-06-17 19:37:38', '2021-06-16 11:01:15', 'Jaime39', '123494', NULL, 0),
(37, '100000040', 210, 8, 1, 11, 43, 16, '2021-06-07 10:35:30', '2021-06-17 19:37:38', '2021-06-16 11:01:15', 'Jaime40', '123495', NULL, 0),
(38, '100000041', 210, 8, 1, 11, 43, 16, '2021-06-07 10:35:30', '2021-06-17 19:37:38', '2021-06-16 11:01:15', 'Jaime41', '123496', NULL, 0),
(39, '100000042', 210, 8, 1, 11, 43, 16, '2021-06-07 10:35:30', '2021-06-17 19:37:38', '2021-06-16 11:01:15', 'Jaime42', '123497', NULL, 0),
(40, '100000043', 210, 8, 1, 11, 43, 16, '2021-06-07 10:35:30', '2021-06-17 19:37:38', '2021-06-16 11:01:15', 'Jaime43', '123498', NULL, 0),
(41, '100000044', 210, 8, 1, 11, 43, 16, '2021-06-07 10:35:30', '2021-06-17 19:37:38', '2021-06-16 11:01:15', 'Jaime44', '123499', NULL, 0),
(42, '100000045', 210, 8, 1, 11, 43, 16, '2021-06-07 10:35:30', '2021-06-17 19:37:38', '2021-06-16 11:01:15', 'Jaime45', '123500', NULL, 0),
(43, '100000046', 210, 8, 1, 11, 43, 16, '2021-06-07 10:35:30', '2021-06-17 19:37:38', '2021-06-16 11:01:15', 'Jaime46', '123501', NULL, 0),
(44, '100000047', 210, 8, 1, 11, 43, 16, '2021-06-07 10:35:30', '2021-06-17 19:37:38', '2021-06-16 11:01:15', 'Jaime47', '123502', NULL, 0),
(45, '100000048', 210, 8, 1, 11, 43, 16, '2021-06-07 10:35:30', '2021-06-17 19:37:38', '2021-06-16 11:01:15', 'Jaime48', '123503', NULL, 0),
(46, '100000049', 210, 8, 1, 11, 43, 16, '2021-06-07 10:35:30', '2021-06-17 19:37:38', '2021-06-16 11:01:15', 'Jaime49', '123504', NULL, 0),
(47, '100000050', 210, 8, 1, 11, 43, 16, '2021-06-07 10:35:30', '2021-06-17 19:37:38', '2021-06-16 11:01:15', 'Jaime50', '123505', NULL, 0),
(48, '100000051', 210, 8, 1, 11, 43, 16, '2021-06-07 10:35:30', '2021-06-17 19:37:38', '2021-06-16 11:01:15', 'Jaime51', '123506', NULL, 0),
(49, '100000052', 210, 8, 1, 11, 43, 16, '2021-06-07 10:35:30', '2021-06-17 19:37:38', '2021-06-16 11:01:15', 'Jaime52', '123507', NULL, 0),
(50, '100000053', 210, 8, 1, 11, 43, 16, '2021-06-07 10:35:30', '2021-06-17 19:37:38', '2021-06-16 11:01:15', 'Jaime53', '123508', NULL, 0),
(51, '100000054', 210, 8, 1, 11, 43, 16, '2021-06-07 10:35:30', '2021-06-17 19:37:38', '2021-06-16 11:01:15', 'Jaime54', '123509', NULL, 0),
(52, '100000055', 210, 8, 1, 11, 43, 16, '2021-06-07 10:35:30', '2021-06-17 19:37:38', '2021-06-16 11:01:15', 'Jaime55', '123510', NULL, 0),
(53, '100000056', 210, 8, 1, 11, 43, 16, '2021-06-07 10:35:30', '2021-06-17 19:37:38', '2021-06-16 11:01:15', 'Jaime56', '123511', NULL, 0),
(54, '100000057', 210, 8, 1, 11, 43, 16, '2021-06-07 10:35:30', '2021-06-17 19:37:38', '2021-06-16 11:01:15', 'Jaime57', '123512', NULL, 0),
(55, '100000058', 210, 8, 1, 11, 43, 16, '2021-06-07 10:35:30', '2021-06-17 19:37:38', '2021-06-16 11:01:15', 'Jaime58', '123513', NULL, 0),
(56, '100000059', 210, 8, 1, 11, 43, 16, '2021-06-07 10:35:30', '2021-06-17 19:37:38', '2021-06-16 11:01:15', 'Jaime59', '123514', NULL, 0),
(57, '100000060', 210, 8, 1, 11, 43, 16, '2021-06-07 10:35:30', '2021-06-17 19:37:38', '2021-06-16 11:01:15', 'Jaime60', '123515', NULL, 0),
(58, '100000061', 210, 8, 1, 11, 43, 16, '2021-06-07 10:35:30', '2021-06-17 19:37:38', '2021-06-16 11:01:15', 'Jaime61', '123516', NULL, 0),
(59, '100000062', 210, 8, 1, 11, 43, 16, '2021-06-07 10:35:30', '2021-06-17 19:37:38', '2021-06-16 11:01:15', 'Jaime62', '123517', NULL, 0),
(60, '100000063', 210, 8, 1, 11, 43, 16, '2021-06-07 10:35:30', '2021-06-17 19:37:38', '2021-06-16 11:01:15', 'Jaime63', '123518', NULL, 0),
(61, '100000064', 210, 8, 1, 11, 43, 16, '2021-06-07 10:35:30', '2021-06-17 19:37:38', '2021-06-16 11:01:15', 'Jaime64', '123519', NULL, 0),
(62, '100000065', 210, 8, 1, 11, 43, 16, '2021-06-07 10:35:30', '2021-06-17 19:37:38', '2021-06-16 11:01:15', 'Jaime65', '123520', NULL, 0),
(63, '100000066', 210, 8, 1, 11, 43, 16, '2021-06-07 10:35:30', '2021-06-17 19:37:38', '2021-06-16 11:01:15', 'Jaime66', '123521', NULL, 0),
(64, '100000067', 210, 8, 1, 11, 43, 16, '2021-06-07 10:35:30', '2021-06-17 19:37:38', '2021-06-16 11:01:15', 'Jaime67', '123522', NULL, 0),
(65, '100000068', 210, 8, 1, 11, 43, 16, '2021-06-07 10:35:30', '2021-06-17 19:37:38', '2021-06-16 11:01:15', 'Jaime68', '123523', NULL, 0),
(66, '100000069', 210, 8, 1, 11, 43, 16, '2021-06-07 10:35:30', '2021-06-17 19:37:38', '2021-06-16 11:01:15', 'Jaime69', '123524', NULL, 0),
(67, '100000070', 210, 8, 1, 11, 43, 16, '2021-06-07 10:35:30', '2021-06-17 19:37:38', '2021-06-16 11:01:15', 'Jaime70', '123525', NULL, 0),
(68, '100000071', 210, 8, 1, 11, 43, 16, '2021-06-07 10:35:30', '2021-06-17 19:37:38', '2021-06-16 11:01:15', 'Jaime71', '123526', NULL, 0),
(69, '100000072', 210, 8, 1, 11, 43, 16, '2021-06-07 10:35:30', '2021-06-17 19:37:38', '2021-06-16 11:01:15', 'Jaime72', '123527', NULL, 0),
(70, '100000073', 210, 8, 1, 11, 43, 16, '2021-06-07 10:35:30', '2021-06-17 19:37:38', '2021-06-16 11:01:15', 'Jaime73', '123528', NULL, 0),
(71, '100000074', 210, 8, 1, 11, 43, 16, '2021-06-07 10:35:30', '2021-06-17 19:37:38', '2021-06-16 11:01:15', 'Jaime74', '123529', NULL, 0),
(72, '100000075', 210, 8, 1, 11, 43, 16, '2021-06-07 10:35:30', '2021-06-17 19:37:38', '2021-06-16 11:01:15', 'Jaime75', '123530', NULL, 0),
(73, '100000076', 210, 8, 1, 11, 43, 16, '2021-06-07 10:35:30', '2021-06-17 19:37:38', '2021-06-16 11:01:15', 'Jaime76', '123531', NULL, 0),
(74, '100000077', 210, 8, 1, 11, 43, 16, '2021-06-07 10:35:30', '2021-06-17 19:37:38', '2021-06-16 11:01:15', 'Jaime77', '123532', NULL, 0),
(75, '100000078', 210, 8, 1, 11, 43, 16, '2021-06-07 10:35:30', '2021-06-17 19:37:38', '2021-06-16 11:01:15', 'Jaime78', '123533', NULL, 0),
(76, '100000079', 210, 8, 1, 11, 43, 16, '2021-06-07 10:35:30', '2021-06-17 19:37:38', '2021-06-16 11:01:15', 'Jaime79', '123534', NULL, 0),
(77, '100000080', 210, 8, 1, 11, 43, 16, '2021-06-07 10:35:30', '2021-06-17 19:37:38', '2021-06-16 11:01:15', 'Jaime80', '123535', NULL, 0),
(78, '100000081', 210, 8, 1, 11, 43, 16, '2021-06-07 10:35:30', '2021-06-17 19:37:38', '2021-06-16 11:01:15', 'Jaime81', '123536', NULL, 0),
(79, '100000082', 210, 8, 1, 11, 43, 16, '2021-06-07 10:35:30', '2021-06-17 19:37:38', '2021-06-16 11:01:15', 'Jaime82', '123537', NULL, 0),
(80, '100000083', 210, 8, 1, 11, 43, 16, '2021-06-07 10:35:30', '2021-06-17 19:37:38', '2021-06-16 11:01:15', 'Jaime83', '123538', NULL, 0),
(81, '100000084', 210, 8, 1, 11, 43, 16, '2021-06-07 10:35:30', '2021-06-17 19:37:38', '2021-06-16 11:01:15', 'Jaime84', '123539', NULL, 0),
(82, '100000085', 210, 8, 1, 11, 43, 16, '2021-06-07 10:35:30', '2021-06-17 19:37:38', '2021-06-16 11:01:15', 'Jaime85', '123540', NULL, 0),
(83, '100000086', 210, 8, 1, 11, 43, 16, '2021-06-07 10:35:30', '2021-06-17 19:37:38', '2021-06-16 11:01:15', 'Jaime86', '123541', NULL, 0),
(84, '100000087', 210, 8, 1, 11, 43, 16, '2021-06-07 10:35:30', '2021-06-17 19:37:39', '2021-06-16 11:01:15', 'Jaime87', '123542', NULL, 0),
(85, '100000088', 210, 8, 1, 11, 43, 16, '2021-06-07 10:35:30', '2021-06-17 19:37:39', '2021-06-16 11:01:15', 'Jaime88', '123543', NULL, 0),
(86, '100000089', 210, 8, 1, 11, 43, 16, '2021-06-07 10:35:30', '2021-06-17 19:37:39', '2021-06-16 11:01:15', 'Jaime89', '123544', NULL, 0),
(87, '100000090', 210, 8, 1, 11, 43, 16, '2021-06-07 10:35:30', '2021-06-17 19:37:39', '2021-06-16 11:01:15', 'Jaime90', '123545', NULL, 0),
(88, '100000091', 210, 8, 1, 11, 43, 16, '2021-06-07 10:35:30', '2021-06-17 19:37:39', '2021-06-16 11:01:15', 'Jaime91', '123546', NULL, 0),
(89, '100000092', 210, 8, 1, 11, 43, 16, '2021-06-07 10:35:30', '2021-06-17 19:37:39', '2021-06-16 11:01:15', 'Jaime92', '123547', NULL, 0),
(90, '100000093', 210, 8, 1, 11, 43, 16, '2021-06-07 10:35:30', '2021-06-17 19:37:39', '2021-06-16 11:01:15', 'Jaime93', '123548', NULL, 0),
(91, '100000094', 210, 8, 1, 11, 43, 16, '2021-06-07 10:35:30', '2021-06-17 19:37:39', '2021-06-16 11:01:15', 'Jaime94', '123549', NULL, 0),
(92, '100000095', 210, 8, 1, 11, 43, 16, '2021-06-07 10:35:30', '2021-06-17 19:37:39', '2021-06-16 11:01:15', 'Jaime95', '123550', NULL, 0),
(93, '100000096', 210, 8, 1, 11, 43, 16, '2021-06-07 10:35:30', '2021-06-17 19:37:39', '2021-06-16 11:01:15', 'Jaime96', '123551', NULL, 0),
(94, '100000097', 210, 8, 1, 11, 43, 16, '2021-06-07 10:35:30', '2021-06-17 19:37:39', '2021-06-16 11:01:15', 'Jaime97', '123552', NULL, 0),
(95, '100000098', 210, 8, 1, 11, 43, 16, '2021-06-07 10:35:30', '2021-06-17 19:37:39', '2021-06-16 11:01:15', 'Jaime98', '123553', NULL, 0),
(96, '100000099', 210, 8, 1, 11, 43, 16, '2021-06-07 10:35:30', '2021-06-17 19:37:39', '2021-06-16 11:01:15', 'Jaime99', '123554', NULL, 0),
(97, '100000100', 210, 8, 1, 11, 43, 16, '2021-06-07 10:35:30', '2021-06-17 19:37:39', '2021-06-16 11:01:15', 'Jaime100', '123555', NULL, 0),
(98, '1100000001', 210, 8, 5, 1, 12, 1, '2021-06-09 10:14:05', '2021-06-17 19:37:39', '2021-06-16 10:07:10', 'juigen', '34324', NULL, 0),
(99, '111000000', 210, 8, 5, 1, 12, 1, '2021-06-09 10:24:48', '2021-06-17 19:37:39', '2021-06-16 10:07:10', 'Maria', '423', NULL, 0),
(100, '2', 210, 8, 5, 1, 12, 1, '0000-00-00 00:00:00', '2021-06-17 19:37:39', '2021-06-16 10:07:10', '', '', NULL, 0),
(101, '100000001', 210, 3, 4, 2, 12, 4, '1970-01-01 01:01:00', '2021-06-17 19:37:39', '2021-06-16 19:53:02', 'Jaime1', '444', NULL, 0),
(102, '100000004', 152, 6, 4, 2, 12, 4, '2021-06-07 10:35:30', '2021-06-17 19:38:05', '2021-06-17 19:37:39', 'Jaime4', '333', NULL, 0),
(103, '100000005', 152, 8, 1, 2, 43, 16, '2021-06-07 10:35:30', '2021-06-17 19:38:05', '2021-06-17 19:37:39', 'Jaime5', '123460', NULL, 0),
(104, '100000006', 152, 8, 1, 11, 43, 16, '2021-06-07 10:35:30', '2021-06-17 19:38:05', '2021-06-17 19:37:39', 'Jaime6', '123461', NULL, 0),
(105, '100000007', 152, 8, 1, 11, 43, 16, '2021-06-07 10:35:30', '2021-06-17 19:38:05', '2021-06-17 19:37:39', 'Jaime7', '123462', NULL, 0),
(106, '100000008', 152, 8, 1, 11, 43, 16, '2021-06-07 10:35:30', '2021-06-17 19:38:05', '2021-06-17 19:37:39', 'Jaime8', '123463', NULL, 0),
(107, '100000009', 152, 8, 1, 11, 43, 16, '2021-06-07 10:35:30', '2021-06-17 19:38:05', '2021-06-17 19:37:39', 'Jaime9', '123464', NULL, 0),
(108, '100000010', 152, 8, 1, 11, 43, 16, '2021-06-07 10:35:30', '2021-06-17 19:38:05', '2021-06-17 19:37:39', 'Jaime10', '123465', NULL, 0),
(109, '100000011', 152, 8, 1, 11, 43, 16, '2021-06-07 10:35:30', '2021-06-17 19:38:05', '2021-06-17 19:37:39', 'Jaime11', '123466', NULL, 0),
(110, '100000012', 152, 8, 1, 11, 43, 16, '2021-06-07 10:35:30', '2021-06-17 19:38:05', '2021-06-17 19:37:39', 'Jaime12', '123467', NULL, 0),
(111, '100000013', 152, 8, 1, 11, 43, 16, '2021-06-07 10:35:30', '2021-06-17 19:38:05', '2021-06-17 19:37:39', 'Jaime13', '123468', NULL, 0),
(112, '100000014', 152, 8, 1, 11, 43, 16, '2021-06-07 10:35:30', '2021-06-17 19:38:05', '2021-06-17 19:37:39', 'Jaime14', '123469', NULL, 0),
(113, '100000015', 152, 8, 1, 11, 43, 16, '2021-06-07 10:35:30', '2021-06-17 19:38:05', '2021-06-17 19:37:39', 'Jaime15', '123470', NULL, 0),
(114, '100000016', 152, 8, 1, 11, 43, 16, '2021-06-07 10:35:30', '2021-06-17 19:38:05', '2021-06-17 19:37:39', 'Jaime16', '123471', NULL, 0),
(115, '100000017', 152, 8, 1, 11, 43, 16, '2021-06-07 10:35:30', '2021-06-17 19:38:05', '2021-06-17 19:37:39', 'Jaime17', '123472', NULL, 0),
(116, '100000018', 152, 8, 1, 11, 43, 16, '2021-06-07 10:35:30', '2021-06-17 19:38:05', '2021-06-17 19:37:39', 'Jaime18', '123473', NULL, 0),
(117, '100000019', 152, 8, 1, 11, 43, 16, '2021-06-07 10:35:30', '2021-06-17 19:38:05', '2021-06-17 19:37:39', 'Jaime19', '123474', NULL, 0),
(118, '100000020', 152, 8, 1, 11, 43, 16, '2021-06-07 10:35:30', '2021-06-17 19:38:05', '2021-06-17 19:37:39', 'Jaime20', '123475', NULL, 0),
(119, '100000021', 152, 8, 1, 11, 43, 16, '2021-06-07 10:35:30', '2021-06-17 19:38:05', '2021-06-17 19:37:39', 'Jaime21', '123476', NULL, 0),
(120, '100000022', 152, 8, 1, 11, 43, 16, '2021-06-07 10:35:30', '2021-06-17 19:38:05', '2021-06-17 19:37:39', 'Jaime22', '123477', NULL, 0),
(121, '100000023', 152, 8, 1, 11, 43, 16, '2021-06-07 10:35:30', '2021-06-17 19:38:05', '2021-06-17 19:37:39', 'Jaime23', '123478', NULL, 0),
(122, '100000024', 152, 8, 1, 11, 43, 16, '2021-06-07 10:35:30', '2021-06-17 19:38:05', '2021-06-17 19:37:39', 'Jaime24', '123479', NULL, 0),
(123, '100000025', 152, 8, 1, 11, 43, 16, '2021-06-07 10:35:30', '2021-06-17 19:38:05', '2021-06-17 19:37:39', 'Jaime25', '123480', NULL, 0),
(124, '100000026', 152, 8, 1, 11, 43, 16, '2021-06-07 10:35:30', '2021-06-17 19:38:05', '2021-06-17 19:37:39', 'Jaime26', '123481', NULL, 0),
(125, '100000027', 152, 8, 1, 11, 43, 16, '2021-06-07 10:35:30', '2021-06-17 19:38:05', '2021-06-17 19:37:39', 'Jaime27', '123482', NULL, 0),
(126, '100000028', 152, 8, 1, 11, 43, 16, '2021-06-07 10:35:30', '2021-06-17 19:38:05', '2021-06-17 19:37:39', 'Jaime28', '123483', NULL, 0),
(127, '100000029', 152, 8, 1, 11, 43, 16, '2021-06-07 10:35:30', '2021-06-17 19:38:05', '2021-06-17 19:37:39', 'Jaime29', '123484', NULL, 0),
(128, '100000030', 152, 8, 1, 11, 43, 16, '2021-06-07 10:35:30', '2021-06-17 19:38:05', '2021-06-17 19:37:39', 'Jaime30', '123485', NULL, 0),
(129, '100000031', 152, 8, 1, 11, 43, 16, '2021-06-07 10:35:30', '2021-06-17 19:38:05', '2021-06-17 19:37:39', 'Jaime31', '123486', NULL, 0),
(130, '100000032', 152, 8, 1, 11, 43, 16, '2021-06-07 10:35:30', '2021-06-17 19:38:05', '2021-06-17 19:37:39', 'Jaime32', '123487', NULL, 0),
(131, '100000033', 152, 8, 1, 11, 43, 16, '2021-06-07 10:35:30', '2021-06-17 19:38:05', '2021-06-17 19:37:39', 'Jaime33', '123488', NULL, 0),
(132, '100000034', 152, 8, 1, 11, 43, 16, '2021-06-07 10:35:30', '2021-06-17 19:38:05', '2021-06-17 19:37:39', 'Jaime34', '123489', NULL, 0),
(133, '100000035', 152, 8, 1, 11, 43, 16, '2021-06-07 10:35:30', '2021-06-17 19:38:05', '2021-06-17 19:37:39', 'Jaime35', '123490', NULL, 0),
(134, '100000036', 152, 8, 1, 11, 43, 16, '2021-06-07 10:35:30', '2021-06-17 19:38:05', '2021-06-17 19:37:39', 'Jaime36', '123491', NULL, 0),
(135, '100000037', 152, 8, 1, 11, 43, 16, '2021-06-07 10:35:30', '2021-06-17 19:38:05', '2021-06-17 19:37:39', 'Jaime37', '123492', NULL, 0),
(136, '100000038', 152, 8, 1, 11, 43, 16, '2021-06-07 10:35:30', '2021-06-17 19:38:05', '2021-06-17 19:37:39', 'Jaime38', '123493', NULL, 0),
(137, '100000039', 152, 8, 1, 11, 43, 16, '2021-06-07 10:35:30', '2021-06-17 19:38:05', '2021-06-17 19:37:39', 'Jaime39', '123494', NULL, 0),
(138, '100000040', 152, 8, 1, 11, 43, 16, '2021-06-07 10:35:30', '2021-06-17 19:38:05', '2021-06-17 19:37:39', 'Jaime40', '123495', NULL, 0),
(139, '100000041', 152, 8, 1, 11, 43, 16, '2021-06-07 10:35:30', '2021-06-17 19:38:05', '2021-06-17 19:37:39', 'Jaime41', '123496', NULL, 0),
(140, '100000042', 152, 8, 1, 11, 43, 16, '2021-06-07 10:35:30', '2021-06-17 19:38:05', '2021-06-17 19:37:39', 'Jaime42', '123497', NULL, 0),
(141, '100000043', 152, 8, 1, 11, 43, 16, '2021-06-07 10:35:30', '2021-06-17 19:38:05', '2021-06-17 19:37:39', 'Jaime43', '123498', NULL, 0),
(142, '100000044', 152, 8, 1, 11, 43, 16, '2021-06-07 10:35:30', '2021-06-17 19:38:05', '2021-06-17 19:37:39', 'Jaime44', '123499', NULL, 0),
(143, '100000045', 152, 8, 1, 11, 43, 16, '2021-06-07 10:35:30', '2021-06-17 19:38:05', '2021-06-17 19:37:39', 'Jaime45', '123500', NULL, 0),
(144, '100000046', 152, 8, 1, 11, 43, 16, '2021-06-07 10:35:30', '2021-06-17 19:38:05', '2021-06-17 19:37:39', 'Jaime46', '123501', NULL, 0),
(145, '100000047', 152, 8, 1, 11, 43, 16, '2021-06-07 10:35:30', '2021-06-17 19:38:05', '2021-06-17 19:37:39', 'Jaime47', '123502', NULL, 0),
(146, '100000048', 152, 8, 1, 11, 43, 16, '2021-06-07 10:35:30', '2021-06-17 19:38:05', '2021-06-17 19:37:39', 'Jaime48', '123503', NULL, 0),
(147, '100000049', 152, 8, 1, 11, 43, 16, '2021-06-07 10:35:30', '2021-06-17 19:38:05', '2021-06-17 19:37:39', 'Jaime49', '123504', NULL, 0),
(148, '100000050', 152, 8, 1, 11, 43, 16, '2021-06-07 10:35:30', '2021-06-17 19:38:05', '2021-06-17 19:37:39', 'Jaime50', '123505', NULL, 0),
(149, '100000051', 152, 8, 1, 11, 43, 16, '2021-06-07 10:35:30', '2021-06-17 19:38:05', '2021-06-17 19:37:39', 'Jaime51', '123506', NULL, 0),
(150, '100000052', 152, 8, 1, 11, 43, 16, '2021-06-07 10:35:30', '2021-06-17 19:38:05', '2021-06-17 19:37:39', 'Jaime52', '123507', NULL, 0),
(151, '100000053', 152, 8, 1, 11, 43, 16, '2021-06-07 10:35:30', '2021-06-17 19:38:05', '2021-06-17 19:37:39', 'Jaime53', '123508', NULL, 0),
(152, '100000054', 152, 8, 1, 11, 43, 16, '2021-06-07 10:35:30', '2021-06-17 19:38:05', '2021-06-17 19:37:39', 'Jaime54', '123509', NULL, 0),
(153, '100000055', 152, 8, 1, 11, 43, 16, '2021-06-07 10:35:30', '2021-06-17 19:38:05', '2021-06-17 19:37:39', 'Jaime55', '123510', NULL, 0),
(154, '100000056', 152, 8, 1, 11, 43, 16, '2021-06-07 10:35:30', '2021-06-17 19:38:05', '2021-06-17 19:37:39', 'Jaime56', '123511', NULL, 0),
(155, '100000057', 152, 8, 1, 11, 43, 16, '2021-06-07 10:35:30', '2021-06-17 19:38:05', '2021-06-17 19:37:39', 'Jaime57', '123512', NULL, 0),
(156, '100000058', 152, 8, 1, 11, 43, 16, '2021-06-07 10:35:30', '2021-06-17 19:38:05', '2021-06-17 19:37:39', 'Jaime58', '123513', NULL, 0),
(157, '100000059', 152, 8, 1, 11, 43, 16, '2021-06-07 10:35:30', '2021-06-17 19:38:05', '2021-06-17 19:37:39', 'Jaime59', '123514', NULL, 0),
(158, '100000060', 152, 8, 1, 11, 43, 16, '2021-06-07 10:35:30', '2021-06-17 19:38:05', '2021-06-17 19:37:39', 'Jaime60', '123515', NULL, 0),
(159, '100000061', 152, 8, 1, 11, 43, 16, '2021-06-07 10:35:30', '2021-06-17 19:38:05', '2021-06-17 19:37:39', 'Jaime61', '123516', NULL, 0),
(160, '100000062', 152, 8, 1, 11, 43, 16, '2021-06-07 10:35:30', '2021-06-17 19:38:05', '2021-06-17 19:37:39', 'Jaime62', '123517', NULL, 0),
(161, '100000063', 152, 8, 1, 11, 43, 16, '2021-06-07 10:35:30', '2021-06-17 19:38:05', '2021-06-17 19:37:39', 'Jaime63', '123518', NULL, 0),
(162, '100000064', 152, 8, 1, 11, 43, 16, '2021-06-07 10:35:30', '2021-06-17 19:38:05', '2021-06-17 19:37:39', 'Jaime64', '123519', NULL, 0),
(163, '100000065', 152, 8, 1, 11, 43, 16, '2021-06-07 10:35:30', '2021-06-17 19:38:05', '2021-06-17 19:37:39', 'Jaime65', '123520', NULL, 0),
(164, '100000066', 152, 8, 1, 11, 43, 16, '2021-06-07 10:35:30', '2021-06-17 19:38:05', '2021-06-17 19:37:39', 'Jaime66', '123521', NULL, 0),
(165, '100000067', 152, 8, 1, 11, 43, 16, '2021-06-07 10:35:30', '2021-06-17 19:38:05', '2021-06-17 19:37:39', 'Jaime67', '123522', NULL, 0),
(166, '100000068', 152, 8, 1, 11, 43, 16, '2021-06-07 10:35:30', '2021-06-17 19:38:05', '2021-06-17 19:37:39', 'Jaime68', '123523', NULL, 0),
(167, '100000069', 152, 8, 1, 11, 43, 16, '2021-06-07 10:35:30', '2021-06-17 19:38:05', '2021-06-17 19:37:39', 'Jaime69', '123524', NULL, 0),
(168, '100000070', 152, 8, 1, 11, 43, 16, '2021-06-07 10:35:30', '2021-06-17 19:38:05', '2021-06-17 19:37:39', 'Jaime70', '123525', NULL, 0),
(169, '100000071', 152, 8, 1, 11, 43, 16, '2021-06-07 10:35:30', '2021-06-17 19:38:05', '2021-06-17 19:37:39', 'Jaime71', '123526', NULL, 0),
(170, '100000072', 152, 8, 1, 11, 43, 16, '2021-06-07 10:35:30', '2021-06-17 19:38:05', '2021-06-17 19:37:39', 'Jaime72', '123527', NULL, 0),
(171, '100000073', 152, 8, 1, 11, 43, 16, '2021-06-07 10:35:30', '2021-06-17 19:38:05', '2021-06-17 19:37:39', 'Jaime73', '123528', NULL, 0),
(172, '100000074', 152, 8, 1, 11, 43, 16, '2021-06-07 10:35:30', '2021-06-17 19:38:05', '2021-06-17 19:37:39', 'Jaime74', '123529', NULL, 0),
(173, '100000075', 152, 8, 1, 11, 43, 16, '2021-06-07 10:35:30', '2021-06-17 19:38:05', '2021-06-17 19:37:39', 'Jaime75', '123530', NULL, 0),
(174, '100000076', 152, 8, 1, 11, 43, 16, '2021-06-07 10:35:30', '2021-06-17 19:38:05', '2021-06-17 19:37:39', 'Jaime76', '123531', NULL, 0),
(175, '100000077', 152, 8, 1, 11, 43, 16, '2021-06-07 10:35:30', '2021-06-17 19:38:05', '2021-06-17 19:37:39', 'Jaime77', '123532', NULL, 0),
(176, '100000078', 152, 8, 1, 11, 43, 16, '2021-06-07 10:35:30', '2021-06-17 19:38:05', '2021-06-17 19:37:39', 'Jaime78', '123533', NULL, 0),
(177, '100000079', 152, 8, 1, 11, 43, 16, '2021-06-07 10:35:30', '2021-06-17 19:38:05', '2021-06-17 19:37:39', 'Jaime79', '123534', NULL, 0),
(178, '100000080', 152, 8, 1, 11, 43, 16, '2021-06-07 10:35:30', '2021-06-17 19:38:05', '2021-06-17 19:37:39', 'Jaime80', '123535', NULL, 0),
(179, '100000081', 152, 8, 1, 11, 43, 16, '2021-06-07 10:35:30', '2021-06-17 19:38:05', '2021-06-17 19:37:39', 'Jaime81', '123536', NULL, 0),
(180, '100000082', 152, 8, 1, 11, 43, 16, '2021-06-07 10:35:30', '2021-06-17 19:38:05', '2021-06-17 19:37:39', 'Jaime82', '123537', NULL, 0),
(181, '100000083', 152, 8, 1, 11, 43, 16, '2021-06-07 10:35:30', '2021-06-17 19:38:05', '2021-06-17 19:37:39', 'Jaime83', '123538', NULL, 0),
(182, '100000084', 152, 8, 1, 11, 43, 16, '2021-06-07 10:35:30', '2021-06-17 19:38:05', '2021-06-17 19:37:39', 'Jaime84', '123539', NULL, 0),
(183, '100000085', 152, 8, 1, 11, 43, 16, '2021-06-07 10:35:30', '2021-06-17 19:38:05', '2021-06-17 19:37:39', 'Jaime85', '123540', NULL, 0),
(184, '100000086', 152, 8, 1, 11, 43, 16, '2021-06-07 10:35:30', '2021-06-17 19:38:05', '2021-06-17 19:37:39', 'Jaime86', '123541', NULL, 0),
(185, '100000087', 152, 8, 1, 11, 43, 16, '2021-06-07 10:35:30', '2021-06-17 19:38:05', '2021-06-17 19:37:39', 'Jaime87', '123542', NULL, 0),
(186, '100000088', 152, 8, 1, 11, 43, 16, '2021-06-07 10:35:30', '2021-06-17 19:38:05', '2021-06-17 19:37:39', 'Jaime88', '123543', NULL, 0),
(187, '100000089', 152, 8, 1, 11, 43, 16, '2021-06-07 10:35:30', '2021-06-17 19:38:05', '2021-06-17 19:37:39', 'Jaime89', '123544', NULL, 0),
(188, '100000090', 152, 8, 1, 11, 43, 16, '2021-06-07 10:35:30', '2021-06-17 19:38:05', '2021-06-17 19:37:39', 'Jaime90', '123545', NULL, 0),
(189, '100000091', 152, 8, 1, 11, 43, 16, '2021-06-07 10:35:30', '2021-06-17 19:38:05', '2021-06-17 19:37:39', 'Jaime91', '123546', NULL, 0),
(190, '100000092', 152, 8, 1, 11, 43, 16, '2021-06-07 10:35:30', '2021-06-17 19:38:05', '2021-06-17 19:37:39', 'Jaime92', '123547', NULL, 0),
(191, '100000093', 152, 8, 1, 11, 43, 16, '2021-06-07 10:35:30', '2021-06-17 19:38:05', '2021-06-17 19:37:39', 'Jaime93', '123548', NULL, 0),
(192, '100000094', 152, 8, 1, 11, 43, 16, '2021-06-07 10:35:30', '2021-06-17 19:38:05', '2021-06-17 19:37:39', 'Jaime94', '123549', NULL, 0),
(193, '100000095', 152, 8, 1, 11, 43, 16, '2021-06-07 10:35:30', '2021-06-17 19:38:05', '2021-06-17 19:37:39', 'Jaime95', '123550', NULL, 0),
(194, '100000096', 152, 8, 1, 11, 43, 16, '2021-06-07 10:35:30', '2021-06-17 19:38:06', '2021-06-17 19:37:39', 'Jaime96', '123551', NULL, 0),
(195, '100000097', 152, 8, 1, 11, 43, 16, '2021-06-07 10:35:30', '2021-06-17 19:38:06', '2021-06-17 19:37:39', 'Jaime97', '123552', NULL, 0),
(196, '100000098', 152, 8, 1, 11, 43, 16, '2021-06-07 10:35:30', '2021-06-17 19:38:06', '2021-06-17 19:37:39', 'Jaime98', '123553', NULL, 0),
(197, '100000099', 152, 8, 1, 11, 43, 16, '2021-06-07 10:35:30', '2021-06-17 19:38:06', '2021-06-17 19:37:39', 'Jaime99', '123554', NULL, 0),
(198, '100000100', 152, 8, 1, 11, 43, 16, '2021-06-07 10:35:30', '2021-06-17 19:38:06', '2021-06-17 19:37:39', 'Jaime100', '123555', NULL, 0),
(199, '1100000001', 152, 8, 5, 1, 12, 1, '2021-06-09 10:14:05', '2021-06-17 19:38:06', '2021-06-17 19:37:39', 'juigen', '34324', NULL, 0),
(200, '111000000', 152, 8, 5, 1, 12, 1, '2021-06-09 10:24:48', '2021-06-17 19:38:06', '2021-06-17 19:37:39', 'Maria', '423', NULL, 0),
(201, '2', 152, 8, 5, 1, 12, 1, '0000-00-00 00:00:00', '2021-06-17 19:38:06', '2021-06-17 19:37:39', '', '', NULL, 0),
(202, '100000001', 152, 3, 4, 2, 12, 4, '1970-01-01 01:01:00', '2021-06-17 19:38:06', '2021-06-17 19:37:39', 'Jaime1', '444', NULL, 0),
(203, '100000001', 2, 3, 4, 2, 12, 4, '1970-01-01 01:01:00', '2021-06-17 19:39:02', 'Jaime1', '444', 'obser3', NULL, 0),
(204, '100000001', 2, 3, 4, 11, 12, 4, '1970-01-01 01:01:00', '2021-06-17 19:42:19', 'Jaime1', '444', 'obser3', NULL, 0),
(205, '100000003', 208, 3, 4, 2, 12, 4, '2021-06-07 10:35:30', '2021-06-17 19:42:19', 'Jaime3', '444', 'obser3', NULL, 0),
(206, '100000001', 2, 6, 4, 11, 12, 4, '1970-01-01 01:01:00', '2021-06-17 19:42:54', 'Jaime1', '444', 'obser3', NULL, 0),
(207, '100000001', 2, 6, 4, 11, 12, 4, '1970-01-01 01:01:00', '2021-06-17 19:42:54', 'Jaime1', '444', 'obser3', NULL, 0),
(208, '100000003', 208, 6, 4, 2, 12, 4, '2021-06-07 10:35:30', '2021-06-17 19:42:54', 'Jaime3', '444', 'obser3', NULL, 0),
(209, '100000003', 208, 6, 4, 2, 12, 4, '2021-06-07 10:35:30', '2021-06-17 19:42:54', 'Jaime3', '444', 'obser3', NULL, 0),
(210, '100000004', 2, 6, 4, 2, 12, 4, '2021-06-07 10:35:30', '2021-06-17 19:42:54', 'Jaime4', '333', 'obser3', NULL, 0),
(211, '100000004', 2, 6, 4, 2, 12, 4, '2021-06-07 10:35:30', '2021-06-17 19:42:54', 'Jaime4', '333', 'obser3', NULL, 0),
(212, '100000005', 2, 8, 1, 2, 43, 16, '2021-06-07 10:35:30', '2021-06-17 19:42:54', 'Jaime5', '123460', 'observ5', NULL, 0),
(213, '100000005', 2, 8, 1, 2, 43, 16, '2021-06-07 10:35:30', '2021-06-17 19:42:54', 'Jaime5', '123460', 'observ5', NULL, 0),
(214, '100000006', 2, 8, 1, 11, 43, 16, '2021-06-07 10:35:30', '2021-06-17 19:42:54', 'Jaime6', '123461', 'observ6', NULL, 0),
(215, '100000006', 2, 8, 1, 11, 43, 16, '2021-06-07 10:35:30', '2021-06-17 19:42:54', 'Jaime6', '123461', 'observ6', NULL, 0),
(216, '100000007', 2, 8, 1, 11, 43, 16, '2021-06-07 10:35:30', '2021-06-17 19:42:54', 'Jaime7', '123462', 'observ7', NULL, 0),
(217, '100000007', 2, 8, 1, 11, 43, 16, '2021-06-07 10:35:30', '2021-06-17 19:42:54', 'Jaime7', '123462', 'observ7', NULL, 0),
(218, '100000008', 2, 8, 1, 11, 43, 16, '2021-06-07 10:35:30', '2021-06-17 19:42:54', 'Jaime8', '123463', 'observ8', NULL, 0),
(219, '100000008', 2, 8, 1, 11, 43, 16, '2021-06-07 10:35:30', '2021-06-17 19:42:54', 'Jaime8', '123463', 'observ8', NULL, 0),
(220, '100000009', 2, 8, 1, 11, 43, 16, '2021-06-07 10:35:30', '2021-06-17 19:43:39', 'Jaime9', '123464', 'observ9', NULL, 0),
(221, '100000009', 2, 8, 1, 11, 43, 16, '2021-06-07 10:35:30', '2021-06-17 19:43:39', 'Jaime9', '123464', 'observ9', NULL, 0),
(222, '100000010', 2, 8, 1, 11, 43, 16, '2021-06-07 10:35:30', '2021-06-17 19:43:39', 'Jaime10', '123465', 'observ10', NULL, 0),
(223, '100000010', 2, 8, 1, 11, 43, 16, '2021-06-07 10:35:30', '2021-06-17 19:43:39', 'Jaime10', '123465', 'observ10', NULL, 0),
(224, '100000011', 2, 8, 1, 11, 43, 16, '2021-06-07 10:35:30', '2021-06-17 19:43:39', 'Jaime11', '123466', 'observ11', NULL, 0),
(225, '100000011', 2, 8, 1, 11, 43, 16, '2021-06-07 10:35:30', '2021-06-17 19:43:39', 'Jaime11', '123466', 'observ11', NULL, 0),
(226, '100000012', 2, 8, 1, 11, 43, 16, '2021-06-07 10:35:30', '2021-06-17 19:43:39', 'Jaime12', '123467', 'observ12', NULL, 0),
(227, '100000012', 2, 8, 1, 11, 43, 16, '2021-06-07 10:35:30', '2021-06-17 19:43:39', 'Jaime12', '123467', 'observ12', NULL, 0),
(228, '100000013', 2, 8, 1, 11, 43, 16, '2021-06-07 10:35:30', '2021-06-17 19:43:39', 'Jaime13', '123468', 'observ13', NULL, 0),
(229, '100000013', 2, 8, 1, 11, 43, 16, '2021-06-07 10:35:30', '2021-06-17 19:43:39', 'Jaime13', '123468', 'observ13', NULL, 0),
(230, '100000014', 2, 8, 1, 11, 43, 16, '2021-06-07 10:35:30', '2021-06-17 19:43:39', 'Jaime14', '123469', 'observ14', NULL, 0),
(231, '100000014', 2, 8, 1, 11, 43, 16, '2021-06-07 10:35:30', '2021-06-17 19:43:39', 'Jaime14', '123469', 'observ14', NULL, 0),
(232, '100000015', 2, 8, 1, 11, 43, 16, '2021-06-07 10:35:30', '2021-06-17 19:43:39', 'Jaime15', '123470', 'observ15', NULL, 0),
(233, '100000015', 2, 8, 1, 11, 43, 16, '2021-06-07 10:35:30', '2021-06-17 19:43:39', 'Jaime15', '123470', 'observ15', NULL, 0),
(234, '100000016', 2, 8, 1, 11, 43, 16, '2021-06-07 10:35:30', '2021-06-17 19:43:39', 'Jaime16', '123471', 'observ16', NULL, 0),
(235, '100000016', 2, 8, 1, 11, 43, 16, '2021-06-07 10:35:30', '2021-06-17 19:43:39', 'Jaime16', '123471', 'observ16', NULL, 0),
(236, '100000017', 2, 8, 1, 11, 43, 16, '2021-06-07 10:35:30', '2021-06-17 19:43:39', 'Jaime17', '123472', 'observ17', NULL, 0),
(237, '100000017', 2, 8, 1, 11, 43, 16, '2021-06-07 10:35:30', '2021-06-17 19:43:39', 'Jaime17', '123472', 'observ17', NULL, 0),
(238, '100000018', 2, 8, 1, 11, 43, 16, '2021-06-07 10:35:30', '2021-06-17 19:43:39', 'Jaime18', '123473', 'observ18', NULL, 0),
(239, '100000018', 2, 8, 1, 11, 43, 16, '2021-06-07 10:35:30', '2021-06-17 19:43:39', 'Jaime18', '123473', 'observ18', NULL, 0),
(240, '100000019', 2, 8, 1, 11, 43, 16, '2021-06-07 10:35:30', '2021-06-17 19:43:39', 'Jaime19', '123474', 'observ19', NULL, 0),
(241, '100000019', 2, 8, 1, 11, 43, 16, '2021-06-07 10:35:30', '2021-06-17 19:43:39', 'Jaime19', '123474', 'observ19', NULL, 0),
(242, '100000020', 2, 8, 1, 11, 43, 16, '2021-06-07 10:35:30', '2021-06-17 19:43:39', 'Jaime20', '123475', 'observ20', NULL, 0),
(243, '100000020', 2, 8, 1, 11, 43, 16, '2021-06-07 10:35:30', '2021-06-17 19:43:39', 'Jaime20', '123475', 'observ20', NULL, 0),
(244, '100000021', 2, 8, 1, 11, 43, 16, '2021-06-07 10:35:30', '2021-06-17 19:43:39', 'Jaime21', '123476', 'observ21', NULL, 0),
(245, '100000021', 2, 8, 1, 11, 43, 16, '2021-06-07 10:35:30', '2021-06-17 19:43:39', 'Jaime21', '123476', 'observ21', NULL, 0),
(246, '100000022', 2, 8, 1, 11, 43, 16, '2021-06-07 10:35:30', '2021-06-17 19:43:39', 'Jaime22', '123477', 'observ22', NULL, 0),
(247, '100000022', 2, 8, 1, 11, 43, 16, '2021-06-07 10:35:30', '2021-06-17 19:43:39', 'Jaime22', '123477', 'observ22', NULL, 0),
(248, '100000023', 2, 8, 1, 11, 43, 16, '2021-06-07 10:35:30', '2021-06-17 19:43:39', 'Jaime23', '123478', 'observ23', NULL, 0),
(249, '100000023', 2, 8, 1, 11, 43, 16, '2021-06-07 10:35:30', '2021-06-17 19:43:39', 'Jaime23', '123478', 'observ23', NULL, 0),
(250, '100000024', 2, 8, 1, 11, 43, 16, '2021-06-07 10:35:30', '2021-06-17 19:43:39', 'Jaime24', '123479', 'observ24', NULL, 0),
(251, '100000024', 2, 8, 1, 11, 43, 16, '2021-06-07 10:35:30', '2021-06-17 19:43:39', 'Jaime24', '123479', 'observ24', NULL, 0),
(252, '100000025', 2, 8, 1, 11, 43, 16, '2021-06-07 10:35:30', '2021-06-17 19:43:39', 'Jaime25', '123480', 'observ25', NULL, 0),
(253, '100000025', 2, 8, 1, 11, 43, 16, '2021-06-07 10:35:30', '2021-06-17 19:43:39', 'Jaime25', '123480', 'observ25', NULL, 0),
(254, '100000026', 2, 8, 1, 11, 43, 16, '2021-06-07 10:35:30', '2021-06-17 19:43:39', 'Jaime26', '123481', 'observ26', NULL, 0),
(255, '100000026', 2, 8, 1, 11, 43, 16, '2021-06-07 10:35:30', '2021-06-17 19:43:39', 'Jaime26', '123481', 'observ26', NULL, 0),
(256, '100000001', 2, 6, 4, 11, 12, 4, '1970-01-01 01:01:00', '2021-06-17 22:14:45', 'Jaime1', '444', 'obser3', NULL, 0),
(257, '100000001', 2, 8, 4, 11, 12, 4, '1970-01-01 01:01:00', '2021-06-17 22:33:35', 'Jaime1', '444', 'obser3', NULL, 0),
(258, '100000003', 208, 6, 4, 2, 12, 4, '2021-06-07 10:35:30', '2021-06-17 22:33:35', 'Jaime3', '444', 'obser3', NULL, 0),
(259, '100000004', 2, 6, 4, 2, 12, 4, '2021-06-07 10:35:30', '2021-06-17 22:33:35', 'Jaime4', '333', 'obser3', NULL, 0),
(260, '100000005', 2, 6, 1, 2, 12, 16, '2021-06-07 10:35:30', '2021-06-17 22:33:35', 'Jaime5', '123460', 'observ5', NULL, 0),
(261, '100000006', 2, 6, 1, 11, 12, 16, '2021-06-07 10:35:30', '2021-06-17 22:33:35', 'Jaime6', '123461', 'observ6', NULL, 0),
(262, '100000007', 2, 6, 1, 11, 12, 16, '2021-06-07 10:35:30', '2021-06-17 22:33:35', 'Jaime7', '123462', 'observ7', NULL, 0),
(263, '100000008', 2, 6, 1, 11, 12, 16, '2021-06-07 10:35:30', '2021-06-17 22:33:35', 'Jaime8', '123463', 'observ8', NULL, 0),
(264, '100000009', 2, 6, 1, 11, 12, 16, '2021-06-07 10:35:30', '2021-06-17 22:33:35', 'Jaime9', '123464', 'observ9', NULL, 0),
(265, '100000010', 2, 6, 1, 11, 12, 16, '2021-06-07 10:35:30', '2021-06-17 22:33:35', 'Jaime10', '123465', 'observ10', NULL, 0),
(266, '100000011', 2, 6, 1, 11, 12, 16, '2021-06-07 10:35:30', '2021-06-17 22:33:35', 'Jaime11', '123466', 'observ11', NULL, 0),
(267, '100000012', 2, 6, 1, 11, 12, 16, '2021-06-07 10:35:30', '2021-06-17 22:33:35', 'Jaime12', '123467', 'observ12', NULL, 0),
(268, '100000013', 2, 6, 1, 11, 12, 16, '2021-06-07 10:35:30', '2021-06-17 22:33:35', 'Jaime13', '123468', 'observ13', NULL, 0),
(269, '100000014', 2, 6, 1, 11, 12, 16, '2021-06-07 10:35:30', '2021-06-17 22:33:35', 'Jaime14', '123469', 'observ14', NULL, 0),
(270, '100000015', 2, 6, 1, 11, 12, 16, '2021-06-07 10:35:30', '2021-06-17 22:33:35', 'Jaime15', '123470', 'observ15', NULL, 0),
(271, '100000016', 2, 6, 1, 11, 12, 16, '2021-06-07 10:35:30', '2021-06-17 22:33:35', 'Jaime16', '123471', 'observ16', NULL, 0),
(272, '100000017', 2, 6, 1, 11, 12, 16, '2021-06-07 10:35:30', '2021-06-17 22:33:35', 'Jaime17', '123472', 'observ17', NULL, 0),
(273, '100000018', 2, 6, 1, 11, 12, 16, '2021-06-07 10:35:30', '2021-06-17 22:33:35', 'Jaime18', '123473', 'observ18', NULL, 0),
(274, '100000019', 2, 6, 1, 11, 12, 16, '2021-06-07 10:35:30', '2021-06-17 22:33:35', 'Jaime19', '123474', 'observ19', NULL, 0),
(275, '100000020', 2, 6, 1, 11, 12, 16, '2021-06-07 10:35:30', '2021-06-17 22:33:35', 'Jaime20', '123475', 'observ20', NULL, 0),
(276, '100000021', 2, 6, 1, 11, 12, 16, '2021-06-07 10:35:30', '2021-06-17 22:33:35', 'Jaime21', '123476', 'observ21', NULL, 0),
(277, '100000022', 2, 6, 1, 11, 12, 16, '2021-06-07 10:35:30', '2021-06-17 22:33:35', 'Jaime22', '123477', 'observ22', NULL, 0),
(278, '100000023', 2, 6, 1, 11, 12, 16, '2021-06-07 10:35:30', '2021-06-17 22:33:35', 'Jaime23', '123478', 'observ23', NULL, 0),
(279, '100000024', 2, 6, 1, 11, 12, 16, '2021-06-07 10:35:30', '2021-06-17 22:33:35', 'Jaime24', '123479', 'observ24', NULL, 0),
(280, '100000025', 2, 6, 1, 11, 12, 16, '2021-06-07 10:35:30', '2021-06-17 22:33:35', 'Jaime25', '123480', 'observ25', NULL, 0),
(281, '100000026', 2, 6, 1, 11, 12, 16, '2021-06-07 10:35:30', '2021-06-17 22:33:35', 'Jaime26', '123481', 'observ26', NULL, 0),
(282, '100000001', 2, 9, 4, 11, 12, 4, '1970-01-01 01:01:00', '2021-06-17 22:34:21', 'Jaime1', '444', 'obser3', NULL, 0),
(283, '100000003', 208, 9, 4, 2, 12, 4, '2021-06-07 10:35:30', '2021-06-17 22:34:21', 'Jaime3', '444', 'obser3', NULL, 0),
(284, '100000004', 2, 9, 4, 2, 12, 4, '2021-06-07 10:35:30', '2021-06-17 22:34:21', 'Jaime4', '333', 'obser3', NULL, 0),
(285, '100000005', 2, 9, 1, 2, 12, 16, '2021-06-07 10:35:30', '2021-06-17 22:34:21', 'Jaime5', '123460', 'observ5', NULL, 0),
(286, '100000006', 2, 9, 1, 11, 12, 16, '2021-06-07 10:35:30', '2021-06-17 22:34:21', 'Jaime6', '123461', 'observ6', NULL, 0),
(287, '100000007', 2, 9, 1, 11, 12, 16, '2021-06-07 10:35:30', '2021-06-17 22:34:21', 'Jaime7', '123462', 'observ7', NULL, 0),
(288, '100000008', 2, 9, 1, 11, 12, 16, '2021-06-07 10:35:30', '2021-06-17 22:34:21', 'Jaime8', '123463', 'observ8', NULL, 0),
(289, '100000009', 2, 9, 1, 11, 12, 16, '2021-06-07 10:35:30', '2021-06-17 22:34:21', 'Jaime9', '123464', 'observ9', NULL, 0),
(290, '100000010', 2, 9, 1, 11, 12, 16, '2021-06-07 10:35:30', '2021-06-17 22:34:21', 'Jaime10', '123465', 'observ10', NULL, 0),
(291, '100000011', 2, 9, 1, 11, 12, 16, '2021-06-07 10:35:30', '2021-06-17 22:34:21', 'Jaime11', '123466', 'observ11', NULL, 0),
(292, '100000012', 2, 9, 1, 11, 12, 16, '2021-06-07 10:35:30', '2021-06-17 22:34:21', 'Jaime12', '123467', 'observ12', NULL, 0),
(293, '100000013', 2, 9, 1, 11, 12, 16, '2021-06-07 10:35:30', '2021-06-17 22:34:21', 'Jaime13', '123468', 'observ13', NULL, 0),
(294, '100000014', 2, 9, 1, 11, 12, 16, '2021-06-07 10:35:30', '2021-06-17 22:34:21', 'Jaime14', '123469', 'observ14', NULL, 0),
(295, '100000015', 2, 9, 1, 11, 12, 16, '2021-06-07 10:35:30', '2021-06-17 22:34:21', 'Jaime15', '123470', 'observ15', NULL, 0),
(296, '100000016', 2, 9, 1, 11, 12, 16, '2021-06-07 10:35:30', '2021-06-17 22:34:22', 'Jaime16', '123471', 'observ16', NULL, 0),
(297, '100000017', 2, 9, 1, 11, 12, 16, '2021-06-07 10:35:30', '2021-06-17 22:34:22', 'Jaime17', '123472', 'observ17', NULL, 0),
(298, '100000018', 2, 9, 1, 11, 12, 16, '2021-06-07 10:35:30', '2021-06-17 22:34:22', 'Jaime18', '123473', 'observ18', NULL, 0),
(299, '100000019', 2, 9, 1, 11, 12, 16, '2021-06-07 10:35:30', '2021-06-17 22:34:22', 'Jaime19', '123474', 'observ19', NULL, 0),
(300, '100000020', 2, 9, 1, 11, 12, 16, '2021-06-07 10:35:30', '2021-06-17 22:34:22', 'Jaime20', '123475', 'observ20', NULL, 0),
(301, '100000021', 2, 9, 1, 11, 12, 16, '2021-06-07 10:35:30', '2021-06-17 22:34:22', 'Jaime21', '123476', 'observ21', NULL, 0),
(302, '100000022', 2, 9, 1, 11, 12, 16, '2021-06-07 10:35:30', '2021-06-17 22:34:22', 'Jaime22', '123477', 'observ22', NULL, 0),
(303, '100000023', 2, 9, 1, 11, 12, 16, '2021-06-07 10:35:30', '2021-06-17 22:34:22', 'Jaime23', '123478', 'observ23', NULL, 0),
(304, '100000024', 2, 9, 1, 11, 12, 16, '2021-06-07 10:35:30', '2021-06-17 22:34:22', 'Jaime24', '123479', 'observ24', NULL, 0),
(305, '100000025', 2, 9, 1, 11, 12, 16, '2021-06-07 10:35:30', '2021-06-17 22:34:22', 'Jaime25', '123480', 'observ25', NULL, 0),
(306, '100000026', 2, 9, 1, 11, 12, 16, '2021-06-07 10:35:30', '2021-06-17 22:34:22', 'Jaime26', '123481', 'observ26', NULL, 0);

-- --------------------------------------------------------

--
-- Table structure for table `operador`
--

CREATE TABLE `operador` (
  `id` int(11) NOT NULL,
  `operador` varchar(50) NOT NULL,
  `fecha_valor` datetime NOT NULL DEFAULT current_timestamp(),
  `activo` tinyint(1) NOT NULL DEFAULT 1
) ENGINE=InnoDB DEFAULT CHARSET=utf8mb4;

--
-- Dumping data for table `operador`
--

INSERT INTO `operador` (`id`, `operador`, `fecha_valor`, `activo`) VALUES
(3, 'HGM Network', '2021-05-13 22:48:33', 1),
(6, 'Vodafone', '2021-05-25 13:45:49', 1),
(8, 'Alisys', '2021-05-28 14:45:31', 1),
(9, 'Voiped', '2021-05-28 14:53:56', 1);

-- --------------------------------------------------------

--
-- Table structure for table `servidor`
--

CREATE TABLE `servidor` (
  `id` int(11) NOT NULL,
  `host` varchar(50) NOT NULL,
  `ip` varchar(50) NOT NULL,
  `descripcion` varchar(200) DEFAULT NULL,
  `fecha_valor` datetime NOT NULL DEFAULT current_timestamp(),
  `activo` tinyint(1) NOT NULL DEFAULT 1
) ENGINE=InnoDB DEFAULT CHARSET=utf8mb4;

--
-- Dumping data for table `servidor`
--

INSERT INTO `servidor` (`id`, `host`, `ip`, `descripcion`, `fecha_valor`, `activo`) VALUES
(11, 'host2.hgmnetwork.es', '222.222.222', 'des2', '2021-06-08 00:49:42', 1),
(12, 'host1.hgmnetwork.es', '123.123.131', 'desc1', '2021-06-08 00:57:10', 1),
(14, 'host3.hgmnetwork.es', '123.123.133', 'desc3', '2021-06-08 09:55:32', 0),
(32, 'host3.hgmnetwork.es', '123.123.133', 'desc33', '2021-06-16 09:25:31', 0),
(34, 'host3.hgmnetwork.es', '123.123.1333', 'desc333', '2021-06-16 10:30:10', 0),
(39, 'host3.hgmnetwork.es', '123.123.133378', 'desc33378', '2021-06-16 10:49:18', 0),
(40, 'host3.hgmnetwork.es78', '123.123.133378', 'desc33378', '2021-06-16 10:49:25', 0),
(42, 'host3.hgmnetwork.es78', '123.123.13337888', 'desc3337888', '2021-06-16 10:51:40', 0),
(43, 'host3.hgmnetwork.es78', '123.123.13337888', 'desc33378889', '2021-06-16 11:01:14', 1);

-- --------------------------------------------------------

--
-- Table structure for table `tipo`
--

CREATE TABLE `tipo` (
  `id` int(11) NOT NULL,
  `tipo` varchar(50) NOT NULL,
  `fecha_valor` datetime NOT NULL DEFAULT current_timestamp(),
  `activo` tinyint(1) NOT NULL DEFAULT 1
) ENGINE=InnoDB DEFAULT CHARSET=utf8mb4;

--
-- Dumping data for table `tipo`
--

INSERT INTO `tipo` (`id`, `tipo`, `fecha_valor`, `activo`) VALUES
(2, 'VOIP', '2021-05-13 10:17:18', 1),
(152, 'Fax', '2021-05-25 21:44:35', 1),
(193, 'Centralita', '2021-06-07 22:05:22', 0),
(194, 'Centraliton', '2021-06-07 22:09:26', 1),
(195, 'Centralitonm', '2021-06-08 22:12:41', 1),
(200, 'Centralitonm,', '2021-06-11 15:42:52', 1),
(203, 'Centralitonolo', '2021-06-11 16:07:33', 1),
(205, 'Centralita99', '2021-06-15 10:07:26', 0),
(206, 'Centralita97', '2021-06-15 10:13:33', 1),
(207, 'Centralita96', '2021-06-15 10:16:41', 1),
(208, 'Centralita94', '2021-06-15 10:26:54', 1),
(209, 'Centralita93', '2021-06-15 10:37:30', 0),
(210, 'Centralita92', '2021-06-15 10:37:46', 1),
(212, 'Centralita930', '2021-06-15 18:51:16', 1),
(213, 'Centralita922', '2021-06-16 07:58:38', 1),
(214, 'Centralita9200', '2021-06-16 09:16:49', 0);

-- --------------------------------------------------------

--
-- Table structure for table `tipo_numero`
--

CREATE TABLE `tipo_numero` (
  `id` int(11) NOT NULL,
  `tipo_numero` varchar(50) NOT NULL,
  `fecha_valor` datetime NOT NULL DEFAULT current_timestamp(),
  `activo` tinyint(1) NOT NULL DEFAULT 1
) ENGINE=InnoDB DEFAULT CHARSET=utf8mb4;

--
-- Dumping data for table `tipo_numero`
--

INSERT INTO `tipo_numero` (`id`, `tipo_numero`, `fecha_valor`, `activo`) VALUES
(1, 'Numeracion nueva', '2021-05-13 10:30:19', 1),
(2, 'Numero portado', '2021-05-13 10:30:32', 1),
(3, 'Numero interno', '2021-05-13 10:30:42', 1),
(11, 'Numero externo', '2021-05-27 14:30:14', 1);

--
-- Indexes for dumped tables
--

--
-- Indexes for table `entrega`
--
ALTER TABLE `entrega`
  ADD PRIMARY KEY (`id`),
  ADD UNIQUE KEY `entrega` (`entrega`);

--
-- Indexes for table `estado`
--
ALTER TABLE `estado`
  ADD PRIMARY KEY (`id`),
  ADD UNIQUE KEY `estado` (`estado`);

--
-- Indexes for table `motivo_baja`
--
ALTER TABLE `motivo_baja`
  ADD PRIMARY KEY (`id`),
  ADD UNIQUE KEY `motivo_baja` (`motivo_baja`);

--
-- Indexes for table `numeracion`
--
ALTER TABLE `numeracion`
  ADD PRIMARY KEY (`id`),
  ADD UNIQUE KEY `numero` (`numero`),
  ADD KEY `id_operador` (`id_operador`),
  ADD KEY `id_tipo` (`id_tipo`),
  ADD KEY `id_estado` (`id_estado`),
  ADD KEY `id_tipo_numero` (`id_tipo_numero`),
  ADD KEY `id_servidor` (`id_servidor`),
  ADD KEY `id_entrega` (`id_entrega`);

--
-- Indexes for table `numeracion_historial`
--
ALTER TABLE `numeracion_historial`
  ADD PRIMARY KEY (`id`),
  ADD KEY `id_operador` (`id_operador`),
  ADD KEY `id_tipo` (`id_tipo`),
  ADD KEY `id_estado` (`id_estado`),
  ADD KEY `id_tipo_numero` (`id_tipo_numero`),
  ADD KEY `id_servidor` (`id_servidor`),
  ADD KEY `id_entrega` (`id_entrega`),
  ADD KEY `id_motivo_baja` (`id_motivo_baja`);

--
-- Indexes for table `operador`
--
ALTER TABLE `operador`
  ADD PRIMARY KEY (`id`),
  ADD UNIQUE KEY `operador` (`operador`);

--
-- Indexes for table `servidor`
--
ALTER TABLE `servidor`
  ADD PRIMARY KEY (`id`),
  ADD UNIQUE KEY `host_ip_descripcion` (`host`,`ip`,`descripcion`);

--
-- Indexes for table `tipo`
--
ALTER TABLE `tipo`
  ADD PRIMARY KEY (`id`),
  ADD UNIQUE KEY `tipo` (`tipo`);

--
-- Indexes for table `tipo_numero`
--
ALTER TABLE `tipo_numero`
  ADD PRIMARY KEY (`id`),
  ADD UNIQUE KEY `tipo_numero` (`tipo_numero`);

--
-- AUTO_INCREMENT for dumped tables
--

--
-- AUTO_INCREMENT for table `entrega`
--
ALTER TABLE `entrega`
  MODIFY `id` int(11) NOT NULL AUTO_INCREMENT, AUTO_INCREMENT=17;

--
-- AUTO_INCREMENT for table `estado`
--
ALTER TABLE `estado`
  MODIFY `id` int(11) NOT NULL AUTO_INCREMENT, AUTO_INCREMENT=23;

--
-- AUTO_INCREMENT for table `motivo_baja`
--
ALTER TABLE `motivo_baja`
  MODIFY `id` int(11) NOT NULL AUTO_INCREMENT, AUTO_INCREMENT=7;

--
-- AUTO_INCREMENT for table `numeracion`
--
ALTER TABLE `numeracion`
  MODIFY `id` int(11) NOT NULL AUTO_INCREMENT, AUTO_INCREMENT=126;

--
-- AUTO_INCREMENT for table `numeracion_historial`
--
ALTER TABLE `numeracion_historial`
  MODIFY `id` int(11) NOT NULL AUTO_INCREMENT, AUTO_INCREMENT=307;

--
-- AUTO_INCREMENT for table `operador`
--
ALTER TABLE `operador`
  MODIFY `id` int(11) NOT NULL AUTO_INCREMENT, AUTO_INCREMENT=15;

--
-- AUTO_INCREMENT for table `servidor`
--
ALTER TABLE `servidor`
  MODIFY `id` int(11) NOT NULL AUTO_INCREMENT, AUTO_INCREMENT=44;

--
-- AUTO_INCREMENT for table `tipo`
--
ALTER TABLE `tipo`
  MODIFY `id` int(11) NOT NULL AUTO_INCREMENT, AUTO_INCREMENT=216;

--
-- AUTO_INCREMENT for table `tipo_numero`
--
ALTER TABLE `tipo_numero`
  MODIFY `id` int(11) NOT NULL AUTO_INCREMENT, AUTO_INCREMENT=12;

--
-- Constraints for dumped tables
--

--
-- Constraints for table `numeracion`
--
ALTER TABLE `numeracion`
  ADD CONSTRAINT `numeracion_ibfk_1` FOREIGN KEY (`id_operador`) REFERENCES `operador` (`id`),
  ADD CONSTRAINT `numeracion_ibfk_2` FOREIGN KEY (`id_tipo`) REFERENCES `tipo` (`id`),
  ADD CONSTRAINT `numeracion_ibfk_3` FOREIGN KEY (`id_estado`) REFERENCES `estado` (`id`),
  ADD CONSTRAINT `numeracion_ibfk_4` FOREIGN KEY (`id_tipo_numero`) REFERENCES `tipo_numero` (`id`),
  ADD CONSTRAINT `numeracion_ibfk_5` FOREIGN KEY (`id_entrega`) REFERENCES `entrega` (`id`),
  ADD CONSTRAINT `numeracion_ibfk_6` FOREIGN KEY (`id_servidor`) REFERENCES `servidor` (`id`);

--
-- Constraints for table `numeracion_historial`
--
ALTER TABLE `numeracion_historial`
  ADD CONSTRAINT `numeracion_historial_baja` FOREIGN KEY (`id_motivo_baja`) REFERENCES `motivo_baja` (`id`),
  ADD CONSTRAINT `numeracion_historial_ee` FOREIGN KEY (`id_estado`) REFERENCES `estado` (`id`),
  ADD CONSTRAINT `numeracion_historial_een` FOREIGN KEY (`id_entrega`) REFERENCES `entrega` (`id`),
  ADD CONSTRAINT `numeracion_historial_nn` FOREIGN KEY (`id_tipo_numero`) REFERENCES `tipo_numero` (`id`),
  ADD CONSTRAINT `numeracion_historial_op` FOREIGN KEY (`id_operador`) REFERENCES `operador` (`id`),
  ADD CONSTRAINT `numeracion_historial_servid` FOREIGN KEY (`id_servidor`) REFERENCES `servidor` (`id`),
  ADD CONSTRAINT `numeracion_historial_ti` FOREIGN KEY (`id_tipo`) REFERENCES `tipo` (`id`);
COMMIT;

/*!40101 SET CHARACTER_SET_CLIENT=@OLD_CHARACTER_SET_CLIENT */;
/*!40101 SET CHARACTER_SET_RESULTS=@OLD_CHARACTER_SET_RESULTS */;
/*!40101 SET COLLATION_CONNECTION=@OLD_COLLATION_CONNECTION */;
